concept,rho_phiusiil,rho_uci,direction_agrees,abs_rho_phiusiil,abs_rho_uci,status,importance_weight,headline
anchor_external_ratio,0.0872798521005418,-0.7012072591666815,False,0.0872798521005418,0.7012072591666815,INVERTED,0.7012072591666815,True
iframe,0.521331928092635,0.0033935238644643,False,0.521331928092635,0.0033935238644643,NO_SIGNAL_UCI,0.521331928092635,True
ssl_state,-0.6124154229775562,-0.735813975062039,True,0.6124154229775562,0.735813975062039,agrees,0.735813975062039,False
url_length,-0.3539937654486287,-0.0533315794339325,True,0.3539937654486287,0.0533315794339325,agrees,0.3539937654486287,False
subdomain_depth,-0.1141491829083289,-0.3046922676521399,True,0.1141491829083289,0.3046922676521399,agrees,0.3046922676521399,False
form_handler,0.1673089014798561,-0.2191900653063038,False,0.1673089014798561,0.2191900653063038,INVERTED,0.2191900653063038,False
popup,0.1925460026806499,-8.588679256217027e-05,False,0.1925460026806499,8.588679256217027e-05,NO_SIGNAL_UCI,0.1925460026806499,False
ip_in_domain,-0.0605489999124573,-0.0941600949562038,True,0.0605489999124573,0.0941600949562038,agrees,0.0941600949562038,False
url_redirect,0.0480143528227923,0.0201134616575737,True,0.0480143528227923,0.0201134616575737,agrees,0.0480143528227923,False
