concept,rho_phiusiil,rho_uci,direction_agrees,abs_rho_phiusiil,abs_rho_uci,status
ip_in_domain,-0.0605489999124573,-0.09416009495620384,True,0.0605489999124573,0.09416009495620384,agrees
url_length,-0.35399376544862876,-0.05333157943393258,True,0.35399376544862876,0.05333157943393258,agrees
subdomain_depth,-0.11414918290832894,-0.3046922676521399,True,0.11414918290832894,0.3046922676521399,agrees
ssl_state,-0.6124154229775562,-0.735813975062039,True,0.6124154229775562,0.735813975062039,agrees
iframe,0.521331928092635,0.003393523864464377,False,0.521331928092635,0.003393523864464377,NO_SIGNAL_UCI
popup,0.19254600268064992,-8.588679256217027e-05,False,0.19254600268064992,8.588679256217027e-05,NO_SIGNAL_UCI
url_redirect,0.04801435282279239,0.020113461657573755,True,0.04801435282279239,0.020113461657573755,agrees
form_handler,0.1673089014798561,-0.21919006530630386,False,0.1673089014798561,0.21919006530630386,INVERTED
anchor_external_ratio,0.08727985210054182,-0.7012072591666815,False,0.08727985210054182,0.7012072591666815,INVERTED
