config,dataset,model,seed,dedup,n_features,fit_seconds,n_train,n_test,accuracy,precision,recall,f1,mcc,roc_auc
uci_full,uci,rf,42,False,30,0.56,7737,1659,0.9746835443037974,0.9753086419753086,0.9673469387755103,0.9713114754098361,0.9486839522683853,0.9960751833200814
uci_full,uci,xgb,42,False,30,0.36,7737,1659,0.974080771549126,0.9726775956284153,0.9687074829931973,0.9706884798909339,0.9474643337309142,0.9965066113025296
uci_full,uci,lgbm,42,False,30,0.27,7737,1659,0.974080771549126,0.9765840220385675,0.964625850340136,0.9705681040383299,0.9474714367456405,0.9965964307801043
uci_full,uci,ensemble,42,False,30,2.63,7737,1659,0.976491862567812,0.9754098360655737,0.9714285714285714,0.9734151329243353,0.9523519974611442,0.9974519244927409
uci_full,uci,rf,43,False,30,0.55,7737,1659,0.9680530440024111,0.9762569832402235,0.9510204081632653,0.9634734665747761,0.9353475622540075,0.9956371293105987
uci_full,uci,xgb,43,False,30,0.37,7737,1659,0.9674502712477396,0.9748953974895398,0.9510204081632653,0.9628099173553719,0.9341058288715575,0.9960126041758695
uci_full,uci,lgbm,43,False,30,0.29,7737,1659,0.9680530440024111,0.9749303621169917,0.9523809523809523,0.9635237439779766,0.9353150356988391,0.9962938422122096
uci_full,uci,ensemble,43,False,30,2.21,7737,1659,0.9686558167570826,0.9776223776223776,0.9510204081632653,0.9641379310344828,0.9365911251656964,0.9965618281944812
uci_full,uci,rf,44,False,30,0.62,7737,1659,0.9734779987944545,0.980528511821975,0.9591836734693877,0.9697386519944979,0.9463201157133609,0.9951063109226373
uci_full,uci,xgb,44,False,30,0.35,7737,1659,0.9704641350210971,0.9698630136986301,0.963265306122449,0.9665529010238908,0.9401274033585553,0.9972649232853315
uci_full,uci,lgbm,44,False,30,0.27,7737,1659,0.9752863170584689,0.9766483516483516,0.9673469387755103,0.9719753930280246,0.9499086591613023,0.9973459080601937
uci_full,uci,ensemble,44,False,30,2.17,7737,1659,0.9746835443037974,0.9779310344827586,0.964625850340136,0.9712328767123287,0.9487007830261801,0.9974386724386725
uci_full,uci,rf,45,False,30,0.61,7737,1659,0.9680530440024111,0.9684065934065934,0.9591836734693877,0.963773069036227,0.9352370600722979,0.9940630797773653
uci_full,uci,xgb,45,False,30,0.38,7737,1659,0.9722724532851115,0.9699863574351978,0.9673469387755103,0.9686648501362398,0.9438028855716835,0.996693612509939
uci_full,uci,lgbm,45,False,30,0.27,7737,1659,0.9704641350210971,0.9660326086956522,0.9673469387755103,0.9666893269884432,0.9401605427807898,0.9969144800777454
uci_full,uci,ensemble,45,False,30,2.19,7737,1659,0.97166968053044,0.9699453551912568,0.9659863945578231,0.9679618268575324,0.9425766700006841,0.9965051388520775
uci_full,uci,rf,46,False,30,0.64,7737,1659,0.9686558167570826,0.9736477115117892,0.9551020408163265,0.9642857142857143,0.9365008139625645,0.9956783579232559
uci_full,uci,xgb,46,False,30,0.36,7737,1659,0.974080771549126,0.9792243767313019,0.9619047619047619,0.970487302676733,0.9475046065314918,0.9956437553376329
uci_full,uci,lgbm,46,False,30,0.29,7737,1659,0.969258589511754,0.975,0.9551020408163265,0.9649484536082474,0.9377364852555479,0.9961885620048885
uci_full,uci,ensemble,46,False,30,2.17,7737,1659,0.9734779987944545,0.980528511821975,0.9591836734693877,0.9697386519944979,0.9463201157133609,0.9962989957887917
uci_dedup,uci,rf,42,True,30,0.11,4093,878,0.9476082004555809,0.9552572706935123,0.9426048565121413,0.9488888888888889,0.8952391862766498,0.9879548110634983
uci_dedup,uci,xgb,42,True,30,0.17,4093,878,0.958997722095672,0.9685393258426966,0.9514348785871964,0.9599109131403119,0.9181122777384106,0.9935800545383717
uci_dedup,uci,lgbm,42,True,30,0.25,4093,878,0.9498861047835991,0.9595505617977528,0.9426048565121413,0.9510022271714922,0.899878066254031,0.9922451629658486
uci_dedup,uci,ensemble,42,True,30,1.56,4093,878,0.9555808656036446,0.96,0.9536423841059603,0.9568106312292359,0.9111119939076673,0.9916062848980651
uci_dedup,uci,rf,43,True,30,0.12,4093,878,0.9464692482915718,0.9551569506726457,0.9403973509933775,0.9477196885428254,0.8929976740419737,0.9901493312556812
uci_dedup,uci,xgb,43,True,30,0.15,4093,878,0.9510250569476082,0.9596412556053812,0.9448123620309051,0.9521690767519466,0.9021150873544785,0.9911466043370991
uci_dedup,uci,lgbm,43,True,30,0.27,4093,878,0.9464692482915718,0.9511111111111111,0.9448123620309051,0.9479512735326688,0.8928737592223298,0.9910479158550838
uci_dedup,uci,ensemble,43,True,30,1.41,4093,878,0.9521640091116174,0.9576837416481069,0.9492273730684326,0.9534368070953437,0.9042960612839395,0.9920451889365018
uci_dedup,uci,rf,44,True,30,0.12,4093,878,0.9453302961275627,0.9612756264236902,0.9315673289183223,0.9461883408071748,0.8911138452575591,0.9908791066095313
uci_dedup,uci,xgb,44,True,30,0.15,4093,878,0.9464692482915718,0.9572072072072072,0.9381898454746137,0.947603121516165,0.8930874326576946,0.9929983119075445
uci_dedup,uci,lgbm,44,True,30,0.25,4093,878,0.9521640091116174,0.9617977528089887,0.9448123620309051,0.9532293986636972,0.9044366191251259,0.9937774315024023
uci_dedup,uci,ensemble,44,True,30,0.54,4093,878,0.9521640091116174,0.9617977528089887,0.9448123620309051,0.9532293986636972,0.9044366191251259,0.9933826775743411
uci_dedup,uci,rf,45,True,30,0.13,4093,878,0.9498861047835991,0.9534368070953437,0.9492273730684326,0.9513274336283186,0.8996941152178085,0.9886586157641865
uci_dedup,uci,xgb,45,True,30,0.13,4093,878,0.9544419134396356,0.9518599562363238,0.9602649006622517,0.9560439560439561,0.9088023530516435,0.9902194520192182
uci_dedup,uci,lgbm,45,True,30,0.26,4093,878,0.9544419134396356,0.9498910675381264,0.9624724061810155,0.956140350877193,0.9088363894630976,0.9895857680820673
uci_dedup,uci,ensemble,45,True,30,0.53,4093,878,0.9578587699316629,0.956140350877193,0.9624724061810155,0.9592959295929593,0.915634759949778,0.9910141540059731
uci_dedup,uci,rf,46,True,30,0.12,4093,878,0.958997722095672,0.9582417582417583,0.9624724061810155,0.960352422907489,0.917909567239764,0.9933593039864953
uci_dedup,uci,xgb,46,True,30,0.15,4093,878,0.9510250569476082,0.9495614035087719,0.9558498896247241,0.9526952695269527,0.9019501142523897,0.9942786651084274
uci_dedup,uci,lgbm,46,True,30,0.24,4093,878,0.94874715261959,0.9396551724137931,0.9624724061810155,0.95092693565976,0.8975906535224477,0.9939150759641605
uci_dedup,uci,ensemble,46,True,30,0.52,4093,878,0.94874715261959,0.9434782608695652,0.9580573951434879,0.9507119386637459,0.89745213808535,0.9940812881443968
phiusiil_full,phiusiil,rf,42,True,50,13.55,164490,35249,1.0,1.0,1.0,1.0,1.0,1.0
phiusiil_full,phiusiil,xgb,42,True,50,1.7,164490,35249,1.0,1.0,1.0,1.0,1.0,1.0000000000000002
phiusiil_full,phiusiil,lgbm,42,True,50,0.62,164490,35249,1.0,1.0,1.0,1.0,1.0,1.0
phiusiil_full,phiusiil,ensemble,42,True,50,17.1,164490,35249,1.0,1.0,1.0,1.0,1.0,1.0
phiusiil_full,phiusiil,rf,43,True,50,11.58,164490,35249,1.0,1.0,1.0,1.0,1.0,1.0
phiusiil_full,phiusiil,xgb,43,True,50,1.42,164490,35249,1.0,1.0,1.0,1.0,1.0,1.0
phiusiil_full,phiusiil,lgbm,43,True,50,0.56,164490,35249,1.0,1.0,1.0,1.0,1.0,1.0
phiusiil_full,phiusiil,ensemble,43,True,50,16.61,164490,35249,1.0,1.0,1.0,1.0,1.0,1.0
phiusiil_full,phiusiil,rf,44,True,50,13.28,164490,35249,1.0,1.0,1.0,1.0,1.0,1.0
phiusiil_full,phiusiil,xgb,44,True,50,1.63,164490,35249,1.0,1.0,1.0,1.0,1.0,1.0
phiusiil_full,phiusiil,lgbm,44,True,50,0.57,164490,35249,1.0,1.0,1.0,1.0,1.0,1.0
phiusiil_full,phiusiil,ensemble,44,True,50,16.94,164490,35249,1.0,1.0,1.0,1.0,1.0,1.0
phiusiil_full,phiusiil,rf,45,True,50,12.29,164490,35249,1.0,1.0,1.0,1.0,1.0,1.0
phiusiil_full,phiusiil,xgb,45,True,50,1.55,164490,35249,1.0,1.0,1.0,1.0,1.0,1.0000000000000002
phiusiil_full,phiusiil,lgbm,45,True,50,0.64,164490,35249,1.0,1.0,1.0,1.0,1.0,1.0
phiusiil_full,phiusiil,ensemble,45,True,50,17.92,164490,35249,1.0,1.0,1.0,1.0,1.0,1.0
phiusiil_full,phiusiil,rf,46,True,50,12.4,164490,35249,0.9999716304008625,1.0,0.9999334265361827,0.999966712160048,0.9999419962409097,1.0
phiusiil_full,phiusiil,xgb,46,True,50,1.48,164490,35249,0.9999716304008625,1.0,0.9999334265361827,0.999966712160048,0.9999419962409097,0.999999996708846
phiusiil_full,phiusiil,lgbm,46,True,50,0.56,164490,35249,0.9999716304008625,1.0,0.9999334265361827,0.999966712160048,0.9999419962409097,0.9999999802530758
phiusiil_full,phiusiil,ensemble,46,True,50,16.9,164490,35249,0.9999716304008625,1.0,0.9999334265361827,0.999966712160048,0.9999419962409097,1.0
phiusiil_leakfree,phiusiil,rf,42,True,36,9.13,164490,35249,0.9898720531078896,0.9888,0.987417615338526,0.9881083241730788,0.9792892348712579,0.9990852813312039
phiusiil_leakfree,phiusiil,xgb,42,True,36,1.29,164490,35249,0.9928792306164714,0.9923333333333333,0.9909460089208442,0.9916391859032011,0.985438870087562,0.9997186589884832
phiusiil_leakfree,phiusiil,lgbm,42,True,36,0.92,164490,35249,0.9927373826207836,0.992725088433558,0.9902137008188536,0.9914678042927609,0.9851482924172184,0.9997017885329006
phiusiil_leakfree,phiusiil,ensemble,42,True,36,14.39,164490,35249,0.992709013021646,0.9914780292942743,0.9914120231675654,0.9914450251323191,0.985092603241004,0.9996395758481793
phiusiil_leakfree,phiusiil,rf,43,True,36,8.19,164490,35249,0.989389769922551,0.9891137380618447,0.9859529991345449,0.9875308395012335,0.9783010197372229,0.9991892966088989
phiusiil_leakfree,phiusiil,xgb,43,True,36,1.21,164490,35249,0.9931345570087095,0.9926661777451831,0.9912123027761135,0.9919387075283145,0.9859609599665912,0.9997368607158732
phiusiil_leakfree,phiusiil,lgbm,43,True,36,1.4,164490,35249,0.9925387954268207,0.991802186083711,0.9906797150655748,0.9912406328059951,0.9847429560706978,0.9996832050316428
phiusiil_leakfree,phiusiil,ensemble,43,True,36,13.59,164490,35249,0.9924820562285455,0.9916044776119403,0.9907462885293922,0.9911751973092677,0.9846272573495295,0.9996864287170197
phiusiil_leakfree,phiusiil,rf,44,True,36,8.2,164490,35249,0.9891060739311753,0.9876724195375491,0.9867518807003528,0.9872119355268416,0.9777237515728404,0.999092752250863
phiusiil_leakfree,phiusiil,xgb,44,True,36,1.21,164490,35249,0.9930494482112968,0.9913540835328545,0.9923440516610079,0.9918488205742423,0.9857909879908324,0.9997758000048367
phiusiil_leakfree,phiusiil,lgbm,44,True,36,1.05,164490,35249,0.9924536866294079,0.9906231296136198,0.9916783170228347,0.9911504424778761,0.9845732237372572,0.9997370960333867
phiusiil_leakfree,phiusiil,ensemble,44,True,36,14.03,164490,35249,0.9925387954268207,0.9904945493219889,0.9920111843419213,0.9912522867121237,0.9847485815248805,0.9996945035634445
phiusiil_leakfree,phiusiil,rf,45,True,36,9.76,164490,35249,0.9888507475389373,0.9876,0.9862192929898143,0.9869091635854902,0.9772006795147772,0.9989811969392741
phiusiil_leakfree,phiusiil,xgb,45,True,36,1.46,164490,35249,0.9928792306164714,0.9916123019571296,0.9916783170228347,0.9916453083913058,0.9854408853916649,0.9997431106173853
phiusiil_leakfree,phiusiil,lgbm,45,True,36,1.68,164490,35249,0.9929927090130216,0.9916799787007454,0.9918780374142867,0.9917789981694125,0.9856731619636326,0.9997429098569891
phiusiil_leakfree,phiusiil,ensemble,45,True,36,13.02,164490,35249,0.9923402082328576,0.9904901243599122,0.9915451700952,0.9910173664249118,0.9843412356649207,0.9996531716054974
phiusiil_leakfree,phiusiil,rf,46,True,36,8.96,164490,35249,0.989645096314789,0.9897740943724102,0.9858864256707276,0.9878264349798219,0.9788232245160963,0.9991735105885707
phiusiil_leakfree,phiusiil,xgb,46,True,36,1.67,164490,35249,0.9939572753836988,0.9947874899759422,0.9910125823846615,0.992896448224112,0.9876443131491816,0.9997008143513062
phiusiil_leakfree,phiusiil,lgbm,46,True,36,1.61,164490,35249,0.9935884705949105,0.9942540255228168,0.9906797150655748,0.9924636521275176,0.9868896599237612,0.9996966559781832
phiusiil_leakfree,phiusiil,ensemble,46,True,36,15.0,164490,35249,0.9934749921983602,0.9931977325775259,0.9914785966313827,0.9923374200426439,0.9866570125455422,0.9996410815511504
