dataset,seed,spearman_rho,n_features_scored,top10_overlap,permutation_seconds,n_repeats,scoring,n_zero_importance,n_distinct_importance,degenerate,scope,scope_note,top10_shap,top10_permutation
phiusiil,42,0.9638895558223289,50,8,45.36,5,neg_log_loss,0,50,False,all_features,prior work reports this over the top-10 SHAP subset; scoring all features avoids conditioning one ranking on the other,URLSimilarityIndex; LineOfCode; IsHTTPS; NoOfSelfRef; NoOfImage; NoOfSubDomain; NoOfExternalRef; NoOfOtherSpecialCharsInURL; LargestLineLength; HasSocialNet,URLSimilarityIndex; IsHTTPS; LineOfCode; NoOfSubDomain; NoOfSelfRef; NoOfImage; NoOfExternalRef; NoOfOtherSpecialCharsInURL; LetterRatioInURL; NoOfLettersInURL
phiusiil,43,0.9641776710684273,50,9,47.33,5,neg_log_loss,0,50,False,all_features,prior work reports this over the top-10 SHAP subset; scoring all features avoids conditioning one ranking on the other,URLSimilarityIndex; LineOfCode; IsHTTPS; NoOfSelfRef; NoOfSubDomain; NoOfExternalRef; NoOfImage; NoOfOtherSpecialCharsInURL; LargestLineLength; LetterRatioInURL,URLSimilarityIndex; IsHTTPS; LineOfCode; NoOfSubDomain; NoOfSelfRef; NoOfImage; NoOfOtherSpecialCharsInURL; NoOfExternalRef; LetterRatioInURL; URLLength
phiusiil,44,0.9675390156062423,50,9,52.93,5,neg_log_loss,0,50,False,all_features,prior work reports this over the top-10 SHAP subset; scoring all features avoids conditioning one ranking on the other,URLSimilarityIndex; LineOfCode; IsHTTPS; NoOfSelfRef; NoOfImage; NoOfSubDomain; NoOfOtherSpecialCharsInURL; NoOfExternalRef; LargestLineLength; LetterRatioInURL,URLSimilarityIndex; LineOfCode; IsHTTPS; NoOfSubDomain; NoOfSelfRef; NoOfImage; NoOfExternalRef; NoOfOtherSpecialCharsInURL; LetterRatioInURL; NoOfLettersInURL
phiusiil,45,0.9736854741896759,50,9,50.89,5,neg_log_loss,0,50,False,all_features,prior work reports this over the top-10 SHAP subset; scoring all features avoids conditioning one ranking on the other,URLSimilarityIndex; LineOfCode; IsHTTPS; NoOfSelfRef; NoOfImage; NoOfExternalRef; NoOfOtherSpecialCharsInURL; NoOfSubDomain; LargestLineLength; LetterRatioInURL,URLSimilarityIndex; LineOfCode; IsHTTPS; NoOfSubDomain; NoOfSelfRef; NoOfImage; NoOfExternalRef; NoOfOtherSpecialCharsInURL; LetterRatioInURL; URLLength
phiusiil,46,0.9597599039615845,50,9,50.84,5,neg_log_loss,0,50,False,all_features,prior work reports this over the top-10 SHAP subset; scoring all features avoids conditioning one ranking on the other,URLSimilarityIndex; LineOfCode; IsHTTPS; NoOfSelfRef; NoOfImage; NoOfOtherSpecialCharsInURL; NoOfExternalRef; NoOfSubDomain; HasSocialNet; LetterRatioInURL,URLSimilarityIndex; LineOfCode; IsHTTPS; NoOfSelfRef; NoOfSubDomain; NoOfImage; NoOfExternalRef; NoOfOtherSpecialCharsInURL; LetterRatioInURL; URLLength
uci,42,0.9479421579532814,30,8,6.34,5,neg_log_loss,0,30,False,all_features,prior work reports this over the top-10 SHAP subset; scoring all features avoids conditioning one ranking on the other,sslfinal_state; url_of_anchor; web_traffic; prefix_suffix; having_sub_domain; links_in_tags; links_pointing_to_page; sfh; having_ip_address; request_url,url_of_anchor; sslfinal_state; web_traffic; prefix_suffix; links_in_tags; having_sub_domain; links_pointing_to_page; having_ip_address; dnsrecord; age_of_domain
uci,43,0.9675194660734149,30,9,7.22,5,neg_log_loss,0,30,False,all_features,prior work reports this over the top-10 SHAP subset; scoring all features avoids conditioning one ranking on the other,sslfinal_state; url_of_anchor; links_in_tags; web_traffic; prefix_suffix; having_sub_domain; sfh; links_pointing_to_page; having_ip_address; request_url,url_of_anchor; sslfinal_state; web_traffic; links_in_tags; prefix_suffix; having_sub_domain; links_pointing_to_page; sfh; age_of_domain; having_ip_address
uci,44,0.9239154616240266,30,9,8.41,5,neg_log_loss,0,30,False,all_features,prior work reports this over the top-10 SHAP subset; scoring all features avoids conditioning one ranking on the other,sslfinal_state; url_of_anchor; links_in_tags; prefix_suffix; web_traffic; having_sub_domain; sfh; links_pointing_to_page; having_ip_address; google_index,url_of_anchor; sslfinal_state; web_traffic; prefix_suffix; having_sub_domain; links_in_tags; having_ip_address; sfh; links_pointing_to_page; age_of_domain
uci,45,0.9737486095661846,30,9,8.64,5,neg_log_loss,0,30,False,all_features,prior work reports this over the top-10 SHAP subset; scoring all features avoids conditioning one ranking on the other,url_of_anchor; sslfinal_state; prefix_suffix; web_traffic; links_in_tags; having_sub_domain; links_pointing_to_page; sfh; having_ip_address; request_url,url_of_anchor; sslfinal_state; web_traffic; prefix_suffix; links_in_tags; having_sub_domain; links_pointing_to_page; having_ip_address; sfh; age_of_domain
uci,46,0.9670745272525029,30,9,8.47,5,neg_log_loss,0,30,False,all_features,prior work reports this over the top-10 SHAP subset; scoring all features avoids conditioning one ranking on the other,sslfinal_state; url_of_anchor; web_traffic; prefix_suffix; links_in_tags; having_sub_domain; links_pointing_to_page; sfh; having_ip_address; request_url,url_of_anchor; sslfinal_state; web_traffic; prefix_suffix; having_sub_domain; links_in_tags; sfh; links_pointing_to_page; having_ip_address; google_index
