dataset,seed,spearman_rho,n_features_scored,top10_overlap,permutation_seconds,n_repeats,scope,scope_note,top10_shap,top10_permutation
phiusiil,42,0.41165493306113243,50,3,86.24,5,all_features,prior work reports this over the top-10 SHAP subset; scoring all features avoids conditioning one ranking on the other,URLSimilarityIndex; LineOfCode; IsHTTPS; NoOfSelfRef; NoOfImage; NoOfSubDomain; NoOfExternalRef; NoOfOtherSpecialCharsInURL; LargestLineLength; HasSocialNet,URLSimilarityIndex; LineOfCode; IsHTTPS; IsDomainIP; DomainLength; TLDLegitimateProb; URLCharProb; TLDLength; CharContinuationRate; HasObfuscation
phiusiil,43,0.41165493306113243,50,3,87.73,5,all_features,prior work reports this over the top-10 SHAP subset; scoring all features avoids conditioning one ranking on the other,URLSimilarityIndex; LineOfCode; IsHTTPS; NoOfSelfRef; NoOfSubDomain; NoOfExternalRef; NoOfImage; NoOfOtherSpecialCharsInURL; LargestLineLength; LetterRatioInURL,URLSimilarityIndex; LineOfCode; IsHTTPS; IsDomainIP; DomainLength; TLDLegitimateProb; URLCharProb; TLDLength; CharContinuationRate; HasObfuscation
phiusiil,44,0.41165493306113243,50,3,87.21,5,all_features,prior work reports this over the top-10 SHAP subset; scoring all features avoids conditioning one ranking on the other,URLSimilarityIndex; LineOfCode; IsHTTPS; NoOfSelfRef; NoOfImage; NoOfSubDomain; NoOfOtherSpecialCharsInURL; NoOfExternalRef; LargestLineLength; LetterRatioInURL,URLSimilarityIndex; LineOfCode; IsHTTPS; IsDomainIP; DomainLength; TLDLegitimateProb; URLCharProb; TLDLength; CharContinuationRate; HasObfuscation
phiusiil,45,0.41165493306113243,50,3,84.86,5,all_features,prior work reports this over the top-10 SHAP subset; scoring all features avoids conditioning one ranking on the other,URLSimilarityIndex; LineOfCode; IsHTTPS; NoOfSelfRef; NoOfImage; NoOfExternalRef; NoOfOtherSpecialCharsInURL; NoOfSubDomain; LargestLineLength; LetterRatioInURL,URLSimilarityIndex; LineOfCode; IsHTTPS; IsDomainIP; DomainLength; TLDLegitimateProb; URLCharProb; TLDLength; CharContinuationRate; HasObfuscation
phiusiil,46,0.41165493306113243,50,3,83.21,5,all_features,prior work reports this over the top-10 SHAP subset; scoring all features avoids conditioning one ranking on the other,URLSimilarityIndex; LineOfCode; IsHTTPS; NoOfSelfRef; NoOfImage; NoOfOtherSpecialCharsInURL; NoOfExternalRef; NoOfSubDomain; HasSocialNet; LetterRatioInURL,URLSimilarityIndex; LineOfCode; IsHTTPS; IsDomainIP; DomainLength; TLDLegitimateProb; URLCharProb; TLDLength; CharContinuationRate; HasObfuscation
uci,42,0.8656284760845384,30,8,8.48,5,all_features,prior work reports this over the top-10 SHAP subset; scoring all features avoids conditioning one ranking on the other,sslfinal_state; url_of_anchor; web_traffic; prefix_suffix; having_sub_domain; links_in_tags; links_pointing_to_page; sfh; having_ip_address; request_url,url_of_anchor; sslfinal_state; web_traffic; prefix_suffix; links_in_tags; links_pointing_to_page; having_sub_domain; having_ip_address; dnsrecord; age_of_domain
uci,43,0.8989988876529477,30,8,8.53,5,all_features,prior work reports this over the top-10 SHAP subset; scoring all features avoids conditioning one ranking on the other,sslfinal_state; url_of_anchor; links_in_tags; web_traffic; prefix_suffix; having_sub_domain; sfh; links_pointing_to_page; having_ip_address; request_url,url_of_anchor; sslfinal_state; web_traffic; prefix_suffix; links_in_tags; dnsrecord; links_pointing_to_page; having_sub_domain; age_of_domain; having_ip_address
uci,44,0.8731924360400445,30,9,8.31,5,all_features,prior work reports this over the top-10 SHAP subset; scoring all features avoids conditioning one ranking on the other,sslfinal_state; url_of_anchor; links_in_tags; prefix_suffix; web_traffic; having_sub_domain; sfh; links_pointing_to_page; having_ip_address; google_index,url_of_anchor; sslfinal_state; web_traffic; prefix_suffix; links_in_tags; having_sub_domain; age_of_domain; links_pointing_to_page; having_ip_address; sfh
uci,45,0.9021134593993325,30,9,8.57,5,all_features,prior work reports this over the top-10 SHAP subset; scoring all features avoids conditioning one ranking on the other,url_of_anchor; sslfinal_state; prefix_suffix; web_traffic; links_in_tags; having_sub_domain; links_pointing_to_page; sfh; having_ip_address; request_url,url_of_anchor; sslfinal_state; web_traffic; prefix_suffix; links_in_tags; having_sub_domain; links_pointing_to_page; having_ip_address; sfh; age_of_domain
uci,46,0.9474972191323694,30,9,8.33,5,all_features,prior work reports this over the top-10 SHAP subset; scoring all features avoids conditioning one ranking on the other,sslfinal_state; url_of_anchor; web_traffic; prefix_suffix; links_in_tags; having_sub_domain; links_pointing_to_page; sfh; having_ip_address; request_url,url_of_anchor; sslfinal_state; web_traffic; prefix_suffix; having_sub_domain; links_in_tags; sfh; links_pointing_to_page; having_ip_address; age_of_domain
